res_id;sistema;nome;nome_boletim;nome_sar;uf;lat;lon
12349;pocoes-epitacio-pessoa;Poções;POÇÕES;POÇÕES;PB;-7.88891;-36.99832
12091;pocoes-epitacio-pessoa;Camalaú;CAMALAÚ;CAMALAÚ;PB;-7.88539;-36.83684
12172;pocoes-epitacio-pessoa;Epitácio Pessoa;EPITÁCIO PESSOA;EPITÁCIO PESSOA;PB;-7.48732;-36.13956
12447;sume;Sumé;SUMÉ;SUMÉ;PB;-7.672;-36.89952
12143;curema-mae-dagua;Curema;CUREMA;CUREMA;PB;-7.02355;-37.94982
12261;curema-mae-dagua;Mãe d'Água;MÃE D'ÁGUA;MÃE D'ÁGUA;PB;-7.02418;-37.98535
12246;lagoa-do-arroz;Lagoa do Arroz;LAGOA DO ARROZ;LAGOA DO ARROZ;PB;-6.79821;-38.57026
12166;avidos-sao-goncalo;Engenheiro Ávidos;ENG. AVIDOS;ENGENHEIRO ÁVIDOS;PB;-6.98635;-38.45374
12409;avidos-sao-goncalo;São Gonçalo;SÃO GONÇALO;SÃO GONÇALO;PB;-6.84537;-38.3116
12395;santa-ines;Santa Inês;SANTA INÊS;SANTA INÊS;PB;-7.6296;-38.59549
12164;arg-mendubim;Armando Ribeiro Gonçalves;ARMANDO RIBEIRO GONÇALVES;ENG. ARMANDO RIBEIRO GONÇALVES;RN;-5.66943;-36.88548
12277;arg-mendubim;Mendubim;MENDUBIM;MENDUBIM;RN;-5.64931;-36.93003
12140;cruzeta;Cruzeta;CRUZETA;CRUZETA;RN;-6.41004;-36.79688
12386;sabugi;Santo Antônio;SANTO ANTÔNIO;SABUGI;RN;-6.64616;-37.19835
12108;sabugi;Carnaúba;CARNAÚBA;CARNAÚBA;RN;-6.62915;-37.14871
12271;marechal-dutra;Marechal Dutra;MARECHAL DUTRA;MARECHAL DUTRA;RN;-6.42542;-36.60239
12020;anage;Anagé;ANAGÉ;ANAGÉ;BA;-14.63182;-41.18687
12258;brumado-riacho-do-paulo;Luiz Vieira (Brumado);LUIZ VIEIRA (BRUMADO);LUIZ VIEIRA (BRUMADO);BA;-13.56847;-41.82409
12374;brumado-riacho-do-paulo;Riacho do Paulo;RIACHO DO PAULO;RIACHO DO PAULO;BA;-13.75864;-41.8039
12119;ceraima;Ceraíma;CERAÍMA;CERAIMA;BA;-14.28383;-42.6819
12121;champrao;Champrão;CHAMPRÃO;CHAMPRÃO;BA;-14.90887;-41.96288
12279;miroros;Mirorós;MIRORÓS;MIRORÓS (MANOEL NOVAIS);BA;-11.46051;-42.34422
12468;tremedal;Tremedal;TREMEDAL;TREMEDAL;BA;-14.98052;-41.40402
12472;truvisco;Truvisco;TRUVISCO;TRUVISCO;BA;-14.54689;-42.32103
12491;zabumbao;Zabumbão;ZABUMBÃO;ZABUMBÃO;BA;-13.43833;-42.215
12176;estreito-cova-da-mandioca;Estreito;ESTREITO;ESTREITO;BA;-14.82818;-42.80833
12136;estreito-cova-da-mandioca;Cova da Mandioca;COVA DA MANDIOCA;COVA DA MANDIOCA;BA;-14.76754;-42.79525
12054;bico-da-pedra;Bico da Pedra;BICO DA PEDRA;BICO DA PEDRA;MG;-15.82909;-43.26239
12022;andorinha-ii;Andorinha II;ANDORINHA II;ANDORINHA II;BA;-10.30119;-39.78479
12042;barra-do-jua;Barra do Juá;BARRA DO JUÁ;BARRA DO JUÁ;PE;-8.44839;-38.07395
12129;cocorobo;Cocorobó;COCOROBÓ;COCOROBÓ;BA;-9.88227;-39.039
12340;poco-branco;Poço Branco;POÇO BRANCO;POÇO BRANCO (JOÃO BATISTA DO REGO);RN;-5.63328;-35.65479
12216;itans;Itans;ITANS;ITANS;RN;-6.49007;-37.06659
12431;serrinha-ii;Serrinha II;SERRINHA II;SERRINHA II;PE;-8.20771;-38.53242
12243;jucazinho;Jucazinho;JUCAZINHO;JUCAZINHO;PE;-7.96677;-35.742
12168;poco-da-cruz;Poço da Cruz;POÇO DA CRUZ;ENGENHEIRO FRANCISCO SABOIA;PE;-8.50876;-37.70523
12058;bocaina;Bocaina;BOCAINA;BOCAINA;PI;-6.91366;-41.30701
