sistema;nome;ufs;slugs;pagina_comar;campanha;termo_link;vigencia;reuniao;marco;marco_link;nota
pocoes-epitacio-pessoa;Poções–Epitácio Pessoa;PB;pocoes-epitacio-pessoa|pocoes-epitacio|epitacio-pessoa;https://www.gov.br/ana/pt-br/assuntos/regulacao-e-fiscalizacao/alocacao-de-agua-e-marcos-regulatorios/alocacao-de-agua/pb/2026-2027;2026-2027;https://www.gov.br/ana/pt-br/assuntos/regulacao-e-fiscalizacao/alocacao-de-agua-e-marcos-regulatorios/alocacao-de-agua/TermodeAlocaodeguaEpitcioPessoa20262027assinado.pdf;julho de 2026 a junho de 2027;13 de julho de 2026;Resolução Conjunta ANA/AESA nº 126/2022;https://www.gov.br/ana/pt-br/assuntos/regulacao-e-fiscalizacao/alocacao-de-agua-e-marcos-regulatorios/marcos-regulatorios/Resoluo126ANAAESAMREPITACIOPESSOA.pdf;
sume;Sumé;PB;sume;https://www.gov.br/ana/pt-br/assuntos/regulacao-e-fiscalizacao/alocacao-de-agua-e-marcos-regulatorios/alocacao-de-agua/pb/2026-2027;2026-2027;https://www.gov.br/ana/pt-br/assuntos/regulacao-e-fiscalizacao/alocacao-de-agua-e-marcos-regulatorios/alocacao-de-agua/TermodeAlocaodeguaSum20262027assinado.pdf;julho de 2026 a junho de 2027;14 de julho de 2026;Resolução ANA/AESA nº 118/2022;https://www.gov.br/ana/pt-br/assuntos/regulacao-e-fiscalizacao/alocacao-de-agua-e-marcos-regulatorios/marcos-regulatorios/RESOLUOCONJUNTAANA_AESAN118_2022.pdf;
curema-mae-dagua;Curema–Mãe d'Água;PB e RN;curema-mae-dagua;https://www.gov.br/ana/pt-br/assuntos/regulacao-e-fiscalizacao/alocacao-de-agua-e-marcos-regulatorios/alocacao-de-agua/pb/2026-2027;2026-2027;https://www.gov.br/ana/pt-br/assuntos/regulacao-e-fiscalizacao/alocacao-de-agua-e-marcos-regulatorios/alocacao-de-agua/TermodeAlocaodeguaCuremaeMeDgua20262027assinado.pdf;junho de 2026 a maio de 2027;17 de junho de 2026;Resolução ANA/AESA/IGARN nº 65/2019;https://www.gov.br/ana/pt-br/todos-os-documentos-do-portal/documentos-sre/resolucoes-e-normativos/regras-especiais-de-uso-da-agua/marcos-regulatorios/res-65-2019-curema-publicacao-retificada.pdf;O termo cita também a Resolução ANA nº 11/2019, alterada pela nº 56/2020.
lagoa-do-arroz;Lagoa do Arroz;PB;lagoa-do-arroz;https://www.gov.br/ana/pt-br/assuntos/regulacao-e-fiscalizacao/alocacao-de-agua-e-marcos-regulatorios/alocacao-de-agua/pb/2026-2027;2026-2027;https://www.gov.br/ana/pt-br/assuntos/regulacao-e-fiscalizacao/alocacao-de-agua-e-marcos-regulatorios/alocacao-de-agua/TERMODEALOCAODEGUALAGOADOARROZ20262027assinado.pdf;junho de 2026 a maio de 2027;15 de junho de 2026;Resolução ANA/AESA nº 75/2018;https://www.gov.br/ana/pt-br/todos-os-documentos-do-portal/documentos-sre/resolucoes-e-normativos/regras-especiais-de-uso-da-agua/marcos-regulatorios/resolucao-075-conjunta-ana__aesa.pdf;
avidos-sao-goncalo;Engenheiro Ávidos–São Gonçalo;PB;avidos-sao-goncalo;https://www.gov.br/ana/pt-br/assuntos/regulacao-e-fiscalizacao/alocacao-de-agua-e-marcos-regulatorios/alocacao-de-agua/pb/2026-2027;2026-2027;https://www.gov.br/ana/pt-br/assuntos/regulacao-e-fiscalizacao/alocacao-de-agua-e-marcos-regulatorios/alocacao-de-agua/TERMODEALOCAODEGUA20262027ENGAVIDOSESOGONALOassinado.pdf;junho de 2026 a maio de 2027;16 de junho de 2026;Resoluções ANA/AESA nº 76/2018 e nº 78/2021;https://www.gov.br/ana/pt-br/assuntos/regulacao-e-fiscalizacao/alocacao-de-agua-e-marcos-regulatorios/marcos-regulatorios/Resoluo78_2021assinaturaescaneada.pdf;
santa-ines;Santa Inês;PB;santa-ines;https://www.gov.br/ana/pt-br/assuntos/regulacao-e-fiscalizacao/alocacao-de-agua-e-marcos-regulatorios/alocacao-de-agua/pb/2026-2027;2026-2027;https://www.gov.br/ana/pt-br/assuntos/regulacao-e-fiscalizacao/alocacao-de-agua-e-marcos-regulatorios/alocacao-de-agua/TERMODEALOCAODEGUA20262027SANTAINESassinado.pdf;junho de 2026 a maio de 2027;15 de julho de 2025;;;Sistema só com alocação de água, sem marco regulatório.
arg-mendubim;Armando Ribeiro Gonçalves–Mendubim;RN;arg-mendubim|armando-ribeiro;https://www.gov.br/ana/pt-br/assuntos/regulacao-e-fiscalizacao/alocacao-de-agua-e-marcos-regulatorios/alocacao-de-agua/rn/2026-2027;2026-2027;https://www.gov.br/ana/pt-br/assuntos/regulacao-e-fiscalizacao/alocacao-de-agua-e-marcos-regulatorios/alocacao-de-agua/TermodeAlocaodeguaARGMendubim20262027assinado.pdf;julho de 2026 a junho de 2027;18 de junho de 2026;Resolução Conjunta ANA/IGARN nº 73/2019;https://www.gov.br/ana/pt-br/todos-os-documentos-do-portal/documentos-sre/resolucoes-e-normativos/regras-especiais-de-uso-da-agua/resolucao-marco-regulatorio-arg.pdf;
cruzeta;Cruzeta;RN;cruzeta;https://www.gov.br/ana/pt-br/assuntos/regulacao-e-fiscalizacao/alocacao-de-agua-e-marcos-regulatorios/alocacao-de-agua/rn/2026-2027;2026-2027;https://www.gov.br/ana/pt-br/assuntos/regulacao-e-fiscalizacao/alocacao-de-agua-e-marcos-regulatorios/alocacao-de-agua/TermodeAlocacaodeAgua2026_2027_Cruzetaassinado.pdf;julho de 2026 a junho de 2027;10 de agosto de 2026;Resolução ANA nº 58/2019;https://www.gov.br/ana/pt-br/todos-os-documentos-do-portal/documentos-sre/resolucoes-e-normativos/regras-especiais-de-uso-da-agua/resolucao_58__cruzeta.pdf;
sabugi;Sabugi;RN;sabugi|sabubi|sabugi-carnauba;https://www.gov.br/ana/pt-br/assuntos/regulacao-e-fiscalizacao/alocacao-de-agua-e-marcos-regulatorios/alocacao-de-agua/rn/2026-2027;2026-2027;https://www.gov.br/ana/pt-br/assuntos/regulacao-e-fiscalizacao/alocacao-de-agua-e-marcos-regulatorios/alocacao-de-agua/TermodeAlocaodeguaSabugi20262027tarjado.pdf;junho de 2026 a junho de 2027;4 de agosto de 2026;Resolução ANA nº 59/2019;https://www.gov.br/ana/pt-br/todos-os-documentos-do-portal/documentos-sre/resolucoes-e-normativos/regras-especiais-de-uso-da-agua/resolucao_59__sabugi.pdf;O açude Santo Antônio aparece no SAR com o nome Sabugi.
marechal-dutra;Marechal Dutra;RN;marechal-dutra|marechal;https://www.gov.br/ana/pt-br/assuntos/regulacao-e-fiscalizacao/alocacao-de-agua-e-marcos-regulatorios/alocacao-de-agua/rn/2026-2027;2026-2027;https://www.gov.br/ana/pt-br/assuntos/regulacao-e-fiscalizacao/alocacao-de-agua-e-marcos-regulatorios/alocacao-de-agua/TermodeAlocacaodeAguaMal_Dutra_20262027assinado.pdf;julho de 2026 a junho de 2027;12 de agosto de 2026;;;Sistema só com alocação de água. O sistema hídrico inclui também o açude Dourado, que não tem página no boletim.
anage;Anagé;BA;anage;https://www.gov.br/ana/pt-br/assuntos/regulacao-e-fiscalizacao/alocacao-de-agua-e-marcos-regulatorios/alocacao-de-agua/ba/2026-2027;2026-2027;https://www.gov.br/ana/pt-br/assuntos/regulacao-e-fiscalizacao/alocacao-de-agua-e-marcos-regulatorios/alocacao-de-agua/TERMODEALOCAODEGUA20262027ANAGassinado.pdf;maio de 2026 a abril de 2027;12 de maio de 2026;Resolução Conjunta ANA/INEMA nº 969/2017;https://www.gov.br/ana/pt-br/todos-os-documentos-do-portal/documentos-sre/alocacao-de-agua/novo-mr-anage-969-2017.pdf;A Resolução nº 102/2018 alterou este marco.
brumado-riacho-do-paulo;Brumado–Riacho do Paulo;BA;brumado-riacho-do-paulo;https://www.gov.br/ana/pt-br/assuntos/regulacao-e-fiscalizacao/alocacao-de-agua-e-marcos-regulatorios/alocacao-de-agua/ba/2026-2027;2026-2027;https://www.gov.br/ana/pt-br/assuntos/regulacao-e-fiscalizacao/alocacao-de-agua-e-marcos-regulatorios/alocacao-de-agua/TermodeAlocaodeguaBrumadoRP20262027assinado.pdf;maio de 2026 a maio de 2027;27 de maio de 2026;Resolução Conjunta ANA/INEMA nº 589/2017;https://www.gov.br/ana/pt-br/todos-os-documentos-do-portal/documentos-sre/marcos-regulatorios/mr-brumado-e-riacho-do-paulo-resolucao-conjunta-ana-inema-no-589.pdf;A Resolução nº 102/2018 alterou este marco.
ceraima;Ceraíma;BA;ceraima;https://www.gov.br/ana/pt-br/assuntos/regulacao-e-fiscalizacao/alocacao-de-agua-e-marcos-regulatorios/alocacao-de-agua/ba/2026-2027;;;;;Resolução ANA nº 585/2017;https://www.gov.br/ana/pt-br/todos-os-documentos-do-portal/documentos-sre/marcos-regulatorios/585-2017.pdf;O termo de alocação 2026/2027 ainda não está publicado na página da COMAR.
champrao;Champrão;BA;champrao;https://www.gov.br/ana/pt-br/assuntos/regulacao-e-fiscalizacao/alocacao-de-agua-e-marcos-regulatorios/alocacao-de-agua/ba/2026-2027;;;;;Resolução nº 49/2020;https://www.gov.br/ana/pt-br/assuntos/regulacao-e-fiscalizacao/alocacao-de-agua-e-marcos-regulatorios/marcos-regulatorios/Resoluo492020MRCHAMPRO.pdf;O termo de alocação 2026/2027 ainda não está publicado na página da COMAR.
miroros;Mirorós;BA;miroros;https://www.gov.br/ana/pt-br/assuntos/regulacao-e-fiscalizacao/alocacao-de-agua-e-marcos-regulatorios/alocacao-de-agua/ba/2026-2027;2026-2027;https://www.gov.br/ana/pt-br/assuntos/regulacao-e-fiscalizacao/alocacao-de-agua-e-marcos-regulatorios/alocacao-de-agua/TermodeAlocaodeguaMirors20262027assinado.pdf;abril de 2026 a março de 2027;10 de junho de 2026;Resolução Conjunta ANA/INEMA nº 587/2017;https://www.gov.br/ana/pt-br/todos-os-documentos-do-portal/documentos-sre/marcos-regulatorios/mr-miroros-resolucao-conjunta-ana-inema-no-587.pdf;A Resolução nº 102/2018 alterou este marco.
tremedal;Tremedal;BA;tremedal;https://www.gov.br/ana/pt-br/assuntos/regulacao-e-fiscalizacao/alocacao-de-agua-e-marcos-regulatorios/alocacao-de-agua/ba/2026-2027;;;;;Resolução nº 70/2018;https://www.gov.br/ana/pt-br/todos-os-documentos-do-portal/documentos-sre/alocacao-de-agua/resolucao-70-2018-mr-tremedal.pdf;O termo de alocação 2026/2027 ainda não está publicado na página da COMAR.
truvisco;Truvisco;BA;truvisco;https://www.gov.br/ana/pt-br/assuntos/regulacao-e-fiscalizacao/alocacao-de-agua-e-marcos-regulatorios/alocacao-de-agua/ba/2026-2027;2026-2027;https://www.gov.br/ana/pt-br/assuntos/regulacao-e-fiscalizacao/alocacao-de-agua-e-marcos-regulatorios/alocacao-de-agua/TermoAlocaoguaTruvisco20262027assinado.pdf;junho de 2026 a abril de 2027;27 de maio de 2026;Resolução ANA/INEMA nº 590/2017;https://www.gov.br/ana/pt-br/todos-os-documentos-do-portal/documentos-sre/marcos-regulatorios/mr-truvisco-resolucao-conjunta-ana-inema-no-590.pdf;A Resolução nº 102/2018 alterou este marco.
zabumbao;Zabumbão;BA;zabumbao;https://www.gov.br/ana/pt-br/assuntos/regulacao-e-fiscalizacao/alocacao-de-agua-e-marcos-regulatorios/alocacao-de-agua/ba/2026-2027;2026-2027;https://www.gov.br/ana/pt-br/assuntos/regulacao-e-fiscalizacao/alocacao-de-agua-e-marcos-regulatorios/alocacao-de-agua/TermodeAlocaodeguaZabumbo20262027assinado.pdf;junho de 2025 a abril de 2026;28 de maio de 2026;Resolução Conjunta ANA/INEMA nº 119/2022;https://www.gov.br/ana/pt-br/assuntos/regulacao-e-fiscalizacao/alocacao-de-agua-e-marcos-regulatorios/marcos-regulatorios/RESOLUOCONJUNTAANA_INEMAN119_2022.pdf;
estreito-cova-da-mandioca;Estreito–Cova da Mandioca;BA e MG;estreito-cova-da-mandioca|estreito-cova;https://www.gov.br/ana/pt-br/assuntos/regulacao-e-fiscalizacao/alocacao-de-agua-e-marcos-regulatorios/alocacao-de-agua/ba/2026-2027;2026-2027;https://www.gov.br/ana/pt-br/assuntos/regulacao-e-fiscalizacao/alocacao-de-agua-e-marcos-regulatorios/alocacao-de-agua/TermoAlocaoguaEstreitoCovadaMandioca20262027assinado.pdf;maio de 2026 a abril de 2027;14 de maio de 2026;Resolução ANA nº 90/2021;;
bico-da-pedra;Bico da Pedra;MG;bico-da-pedra|bico-da-pedra-gorutuba|bico-da-pedra-gorotuba;https://www.gov.br/ana/pt-br/assuntos/regulacao-e-fiscalizacao/alocacao-de-agua-e-marcos-regulatorios/alocacao-de-agua/mg/2026-2027;2026-2027;https://www.gov.br/ana/pt-br/assuntos/regulacao-e-fiscalizacao/alocacao-de-agua-e-marcos-regulatorios/alocacao-de-agua/TermodeAlocaodeguaBicodaPedra20262027assinado.pdf;maio de 2026 a abril de 2027;13 de maio de 2026;Resolução ANA/IGAM nº 1.564/2017;https://www.gov.br/ana/pt-br/todos-os-documentos-do-portal/documentos-sre/marcos-regulatorios/resolucao-ana-igam-1564-2017.pdf;
andorinha-ii;Andorinha II;BA;andorinha-ii;https://www.gov.br/ana/pt-br/assuntos/regulacao-e-fiscalizacao/alocacao-de-agua-e-marcos-regulatorios/alocacao-de-agua/ba/2026-2027;2026-2027;https://www.gov.br/ana/pt-br/assuntos/regulacao-e-fiscalizacao/alocacao-de-agua-e-marcos-regulatorios/alocacao-de-agua/termo-aloc-agua-andorinha-ii-2026-2027-assinado.pdf;outubro de 2026 a junho de 2027;30 de setembro de 2026;Resolução ANA nº 64/2019;https://www.gov.br/ana/pt-br/todos-os-documentos-do-portal/documentos-sre/resolucoes-e-normativos/regras-especiais-de-uso-da-agua/resolucao_64__andorinha-ii.pdf;
barra-do-jua;Barra do Juá;PE;barra-do-jua;https://www.gov.br/ana/pt-br/assuntos/regulacao-e-fiscalizacao/alocacao-de-agua-e-marcos-regulatorios/alocacao-de-agua/pe/2026-2027;2026-2027;https://www.gov.br/ana/pt-br/assuntos/regulacao-e-fiscalizacao/alocacao-de-agua-e-marcos-regulatorios/alocacao-de-agua/Termo_de_Alocacao_de_Agua_BarradoJu_20262027assinado.pdf;junho de 2026 a maio de 2027;7 de julho de 2025;Resolução Conjunta ANA/APAC nº 66/2019;https://www.gov.br/ana/pt-br/todos-os-documentos-do-portal/documentos-sre/resolucoes-e-normativos/regras-especiais-de-uso-da-agua/res-conjunta-ana-apac-n-66-de-09-09-2019-publicada-dou-em-16-10-2019-mr-barra-do-jua.pdf;
cocorobo;Cocorobó;BA;cocorobo;https://www.gov.br/ana/pt-br/assuntos/regulacao-e-fiscalizacao/alocacao-de-agua-e-marcos-regulatorios/alocacao-de-agua/ba/2026-2027;2026-2027;https://www.gov.br/ana/pt-br/assuntos/regulacao-e-fiscalizacao/alocacao-de-agua-e-marcos-regulatorios/alocacao-de-agua/termo-de-alocacao-de-agua-cocorobo-2026-2027-tarjado.pdf;maio de 2026 a abril de 2027;28 de julho de 2026;Resolução ANA nº 1.470/2017;https://www.gov.br/ana/pt-br/todos-os-documentos-do-portal/documentos-sre/marcos-regulatorios/resolucao-cocorobo.pdf;
poco-branco;Poço Branco;RN;poco-branco;https://www.gov.br/ana/pt-br/assuntos/regulacao-e-fiscalizacao/alocacao-de-agua-e-marcos-regulatorios/alocacao-de-agua/rn/2026-2027;2026-2027;https://www.gov.br/ana/pt-br/assuntos/regulacao-e-fiscalizacao/alocacao-de-agua-e-marcos-regulatorios/alocacao-de-agua/TermodeAlocaodeguaPooBranco20262027assinado.pdf;agosto de 2025 a julho de 2026;25 de agosto de 2026;Resolução ANA/IGARN nº 66/2021;https://www.gov.br/ana/pt-br/assuntos/regulacao-e-fiscalizacao/alocacao-de-agua-e-marcos-regulatorios/marcos-regulatorios/RESOLUOCONJUNTAN66_ANADE15mar2021PooBranco.pdf;
itans;Itans;RN;itans;https://www.gov.br/ana/pt-br/assuntos/regulacao-e-fiscalizacao/alocacao-de-agua-e-marcos-regulatorios/alocacao-de-agua/rn/2026-2027;;;;;Resolução ANA nº 60/2019;https://www.gov.br/ana/pt-br/todos-os-documentos-do-portal/documentos-sre/resolucoes-e-normativos/regras-especiais-de-uso-da-agua/resolucao_60__itans.pdf;O termo de alocação 2026/2027 ainda não está publicado na página da COMAR.
serrinha-ii;Serrinha II;PE;serrinha-ii;https://www.gov.br/ana/pt-br/assuntos/regulacao-e-fiscalizacao/alocacao-de-agua-e-marcos-regulatorios/alocacao-de-agua/pe/2026-2027;;;;;Resolução Conjunta ANA/APAC nº 56/2019;https://www.gov.br/ana/pt-br/todos-os-documentos-do-portal/documentos-sre/resolucoes-e-normativos/regras-especiais-de-uso-da-agua/res-conjunta-ana-apac-n-56-de-02-09-2019-publicada-dou-em-16-10-2019-mr-serrinha-ii.pdf;O termo de alocação 2026/2027 ainda não está publicado na página da COMAR.
jucazinho;Jucazinho;PE;jucazinho;https://www.gov.br/ana/pt-br/assuntos/regulacao-e-fiscalizacao/alocacao-de-agua-e-marcos-regulatorios/alocacao-de-agua/pe/2026-2027;;;;;Resolução Conjunta ANA/APAC nº 50/2020;https://www.gov.br/ana/pt-br/assuntos/regulacao-e-fiscalizacao/alocacao-de-agua-e-marcos-regulatorios/marcos-regulatorios/Resoluo50_2020Jucazinho.pdf;O termo de alocação 2026/2027 ainda não está publicado na página da COMAR.
poco-da-cruz;Poço da Cruz;PE;poco-da-cruz;https://www.gov.br/ana/pt-br/assuntos/regulacao-e-fiscalizacao/alocacao-de-agua-e-marcos-regulatorios/alocacao-de-agua/pe/2026-2027;;;;;Resolução ANA nº 54/2018;https://www.gov.br/ana/pt-br/todos-os-documentos-do-portal/documentos-sre/alocacao-de-agua/res-54-2018-mr-poco-da-cruz.pdf;No SAR, o açude se chama Engenheiro Francisco Saboia. O termo de alocação 2026/2027 ainda não está publicado na página da COMAR.
bocaina;Bocaina;PI;bocaina;https://www.gov.br/ana/pt-br/assuntos/regulacao-e-fiscalizacao/alocacao-de-agua-e-marcos-regulatorios/alocacao-de-agua/pi/2024-2025;;;;;;;Sistema só com alocação de água, sem resolução de marco regulatório. O termo de alocação 2026/2027 ainda não está publicado na página da COMAR.
