slug;motivo
mucuri;sistema de rio (PCH Mucuri e UHE Santa Clara não estão no SAR)
verde-grande;sistema de rio, sem açude no SAR
alto-pardo;sistema de rio, sem açude no SAR
medio-pardo;açude Machado Mineiro não está no SAR
medio-pard0;açude Machado Mineiro não está no SAR
pch-machado-mineiro;açude Machado Mineiro não está no SAR
machado-mineiro;açude Machado Mineiro não está no SAR
piracuruca;açude Piracuruca não está no SAR
balsamo;açude Bálsamo não está no SAR
javaes;sistema de rio, sem açude no SAR
